{
  "x": 895.316650390625,
  "y": 963.2000122070312,
  "width": 112.35000610351562,
  "height": 48
}