{
  "x": 893.1500244140625,
  "y": 896,
  "width": 116.68333435058594,
  "height": 48
}